year,pref,pop,male,child,adult,born,income
2019,Hokkaido,5250000,47.1,10.8,57.4,0.591,574012
2019,Aomori,1246000,47,10.7,56.1,0.575,477422
2019,Iwate,1227000,48.3,11.1,55.8,0.568,566360
2019,Miyagi,2306000,48.9,11.8,59.9,0.648,488407
2019,Akita,966000,47,9.8,53,0.486,538001
2019,Yamagata,1078000,48.2,11.4,55.1,0.594,604521
2019,Fukushima,1846000,49.5,11.4,57.1,0.626,630948
2019,Ibaraki,2860000,49.9,11.9,58.6,0.63,592434
2019,Tochigi,1934000,49.8,12.1,59.2,0.652,578586
2019,Gunma,1942000,49.5,11.9,58.2,0.613,505979
2019,Saitama,7350000,49.9,12,61.3,0.657,781096
2019,Chiba,6259000,49.6,11.8,60.3,0.652,662834
2019,Tokyo,13921000,49.2,11.2,65.8,0.731,694159
2019,Kanagawa,9198000,49.9,11.9,62.7,0.685,611076
2019,Niigata,2223000,48.5,11.4,56.2,0.614,652636
2019,Toyama,1044000,48.5,11.4,56.3,0.633,593210
2019,Ishikawa,1138000,48.6,12.3,58.1,0.686,667194
2019,Fukui,768000,48.7,12.6,56.7,0.691,611545
2019,Yamanashi,811000,49,11.7,57.5,0.64,615009
2019,Nagano,2049000,48.8,12.2,55.9,0.661,588199
2019,Gifu,1987000,48.5,12.5,57.4,0.643,624565
2019,Shizuoka,3644000,49.3,12.3,57.8,0.644,580329
2019,Aichi,7552000,50.1,13.1,61.8,0.757,546611
2019,Mie,1781000,48.9,12.2,58,0.656,643697
2019,Shiga,1414000,49.4,13.8,60.2,0.752,608591
2019,Kyoto,2583000,47.8,11.6,59.3,0.658,471713
2019,Osaka,8809000,48,11.8,60.5,0.71,541198
2019,Hyogo,5466000,47.7,12.3,58.6,0.696,546196
2019,Nara,1330000,47.1,11.9,56.8,0.626,590106
2019,Wakayama,925000,47,11.6,55.3,0.634,529962
2019,Tottori,556000,47.8,12.5,55.4,0.717,542585
2019,Shimane,674000,48.4,12.3,53.4,0.682,598185
2019,Okayama,1890000,48.1,12.5,57.1,0.725,534632
2019,Hiroshima,2804000,48.6,12.8,57.9,0.714,576190
2019,Yamaguchi,1358000,47.5,11.6,54.1,0.646,576057
2019,Tokushima,728000,47.7,11.2,55.2,0.626,569878
2019,Kagawa,956000,48.5,12.2,56,0.694,656303
2019,Ehime,1339000,47.4,11.8,55.1,0.631,516347
2019,Kochi,698000,47.1,11.1,53.7,0.612,554178
2019,Fukuoka,5104000,47.3,13.1,58.9,0.779,567753
2019,Saga,815000,47.4,13.5,56.2,0.765,616666
2019,Nagasaki,1327000,47,12.7,54.7,0.722,579994
2019,Kumamoto,1748000,47.2,13.3,55.6,0.761,529179
2019,Oita,1135000,47.5,12.2,54.9,0.672,509451
2019,Miyazaki,1073000,47.1,13.3,54.5,0.75,476227
2019,Kagoshima,1602000,47,13.3,54.8,0.748,562022
2019,Okinawa,1453000,49.2,16.9,60.9,1.026,424298
2018,Hokkaido,5286000,47.1,10.9,57.7,0.618,544026
2018,Aomori,1263000,47,10.8,56.6,0.618,456505
2018,Iwate,1241000,48.2,11.3,56.2,0.614,579986
2018,Miyagi,2316000,48.9,11.9,60.3,0.7,459430
2018,Akita,981000,47,10,53.6,0.514,592731
2018,Yamagata,1090000,48.3,11.6,55.5,0.64,609064
2018,Fukushima,1864000,49.5,11.6,57.5,0.67,626585
2018,Ibaraki,2877000,49.9,12.1,58.9,0.673,613896
2018,Tochigi,1946000,49.8,12.3,59.6,0.693,583741
2018,Gunma,1952000,49.4,12.1,58.5,0.662,492993
2018,Saitama,7330000,49.9,12.2,61.5,0.699,650621
2018,Chiba,6255000,49.6,12,60.5,0.694,622683
2018,Tokyo,13822000,49.2,11.2,65.7,0.775,654803
2018,Kanagawa,9177000,49.9,12.1,62.8,0.725,564239
2018,Niigata,2246000,48.4,11.6,56.5,0.646,610312
2018,Toyama,1050000,48.6,11.6,56.4,0.652,618950
2018,Ishikawa,1143000,48.6,12.5,58.3,0.731,665395
2018,Fukui,774000,48.6,12.8,57,0.753,627568
2018,Yamanashi,817000,49,11.9,57.8,0.68,537701
2018,Nagano,2063000,48.8,12.4,56.1,0.688,488430
2018,Gifu,1997000,48.5,12.7,57.5,0.687,600728
2018,Shizuoka,3659000,49.3,12.5,58,0.688,615989
2018,Aichi,7537000,50,13.3,61.8,0.812,565350
2018,Mie,1791000,48.8,12.4,58.2,0.703,551955
2018,Shiga,1412000,49.4,14,60.3,0.804,566203
2018,Kyoto,2591000,47.8,11.7,59.4,0.691,530158
2018,Osaka,8813000,48,12,60.6,0.743,484919
2018,Hyogo,5484000,47.7,12.5,58.8,0.724,450793
2018,Nara,1339000,47.1,12,57.2,0.668,608469
2018,Wakayama,935000,47.1,11.7,55.6,0.649,480808
2018,Tottori,560000,47.9,12.6,55.8,0.748,542066
2018,Shimane,680000,48.2,12.3,53.7,0.719,606422
2018,Okayama,1898000,48.1,12.6,57.3,0.763,543275
2018,Hiroshima,2817000,48.5,12.9,58.1,0.758,536087
2018,Yamaguchi,1370000,47.5,11.8,54.3,0.656,551987
2018,Tokushima,736000,47.7,11.3,55.7,0.679,577762
2018,Kagawa,962000,48.4,12.3,56.1,0.717,590902
2018,Ehime,1352000,47.3,12,55.4,0.69,464758
2018,Kochi,706000,47.2,11.2,54.1,0.646,553526
2018,Fukuoka,5107000,47.3,13.2,59.2,0.823,539575
2018,Saga,819000,47.4,13.6,56.6,0.798,587319
2018,Nagasaki,1341000,47.1,12.7,55.3,0.756,545450
2018,Kumamoto,1757000,47.2,13.4,56,0.814,529127
2018,Oita,1144000,47.4,12.3,55.2,0.717,598625
2018,Miyazaki,1081000,47.1,13.4,54.9,0.78,451205
2018,Kagoshima,1614000,47,13.3,55.3,0.803,491848
2018,Okinawa,1448000,49.2,17,61.4,1.086,403237
2017,Hokkaido,5320000,47.1,11.1,58.3,0.64,532057
2017,Aomori,1278000,47,11,57.2,0.629,433727
2017,Iwate,1255000,48.1,11.5,56.7,0.651,553700
2017,Miyagi,2323000,48.9,12.1,60.8,0.717,477792
2017,Akita,996000,47,10.1,54.3,0.542,460454
2017,Yamagata,1102000,48.2,11.8,56,0.659,604258
2017,Fukushima,1882000,49.5,11.7,58.1,0.702,611777
2017,Ibaraki,2892000,49.9,12.3,59.4,0.706,628154
2017,Tochigi,1957000,49.8,12.5,60.1,0.717,557286
2017,Gunma,1960000,49.4,12.3,58.7,0.678,432604
2017,Saitama,7310000,49.9,12.3,61.7,0.726,624099
2017,Chiba,6246000,49.7,12.1,60.8,0.705,566978
2017,Tokyo,13724000,49.3,11.2,65.7,0.794,593036
2017,Kanagawa,9159000,49.9,12.3,62.9,0.744,558407
2017,Niigata,2267000,48.4,11.7,57,0.66,528227
2017,Toyama,1056000,48.4,11.8,56.6,0.68,590884
2017,Ishikawa,1147000,48.5,12.6,58.5,0.758,651218
2017,Fukui,779000,48.5,12.9,57.3,0.752,586534
2017,Yamanashi,823000,49,12,58.2,0.693,541690
2017,Nagano,2076000,48.8,12.5,56.3,0.699,461708
2017,Gifu,2008000,48.5,12.9,57.8,0.699,545961
2017,Shizuoka,3675000,49.3,12.6,58.3,0.715,542386
2017,Aichi,7525000,50,13.4,62,0.83,563020
2017,Mie,1800000,48.7,12.6,58.4,0.704,535735
2017,Shiga,1413000,49.3,14.1,60.6,0.821,577561
2017,Kyoto,2599000,47.8,11.9,59.6,0.713,432391
2017,Osaka,8823000,48.1,12.1,60.7,0.755,461993
2017,Hyogo,5503000,47.7,12.6,59.1,0.756,375847
2017,Nara,1348000,47.1,12.1,57.6,0.665,554807
2017,Wakayama,945000,47,11.8,55.9,0.684,487512
2017,Tottori,565000,47.8,12.7,56.3,0.763,478282
2017,Shimane,685000,48.2,12.4,54.1,0.746,558290
2017,Okayama,1907000,48,12.8,57.5,0.782,529877
2017,Hiroshima,2829000,48.5,13,58.4,0.783,516084
2017,Yamaguchi,1383000,47.4,11.9,54.7,0.684,615996
2017,Tokushima,743000,47.6,11.4,56.2,0.697,546015
2017,Kagawa,967000,48.5,12.4,56.5,0.764,548171
2017,Ehime,1364000,47.3,12.1,55.9,0.702,530206
2017,Kochi,714000,47.1,11.3,54.5,0.677,558069
2017,Fukuoka,5107000,47.3,13.2,59.7,0.851,610308
2017,Saga,824000,47.2,13.7,57.1,0.818,584304
2017,Nagasaki,1354000,47,12.8,55.9,0.78,514628
2017,Kumamoto,1765000,47.2,13.4,56.5,0.83,506088
2017,Oita,1152000,47.4,12.4,55.8,0.752,560498
2017,Miyazaki,1089000,47,13.4,55.5,0.808,472440
2017,Kagoshima,1626000,46.9,13.4,55.8,0.812,536432
2017,Okinawa,1443000,49.1,17.1,61.9,1.124,417147
2016,Hokkaido,5352000,47.1,11.2,58.9,0.656,529946
2016,Aomori,1293000,47,11.2,57.8,0.667,442927
2016,Iwate,1268000,48.1,11.6,57.2,0.658,522935
2016,Miyagi,2330000,48.9,12.2,61.3,0.745,419919
2016,Akita,1010000,46.9,10.3,55,0.561,459033
2016,Yamagata,1113000,48.2,11.9,56.5,0.678,572158
2016,Fukushima,1901000,49.5,11.9,58.7,0.723,632372
2016,Ibaraki,2905000,49.9,12.4,60,0.719,556044
2016,Tochigi,1966000,49.8,12.7,60.6,0.744,555789
2016,Gunma,1967000,49.4,12.5,59.1,0.695,439646
2016,Saitama,7289000,49.9,12.4,62.1,0.747,633227
2016,Chiba,6236000,49.7,12.2,61.2,0.728,560292
2016,Tokyo,13624000,49.3,11.3,65.8,0.822,613169
2016,Kanagawa,9145000,49.9,12.4,63.2,0.773,586015
2016,Niigata,2286000,48.4,11.8,57.5,0.688,514003
2016,Toyama,1061000,48.4,12,56.9,0.688,597295
2016,Ishikawa,1151000,48.4,12.8,58.8,0.776,600948
2016,Fukui,782000,48.6,13.1,57.6,0.782,561423
2016,Yamanashi,830000,48.9,12.2,58.7,0.701,563436
2016,Nagano,2088000,48.7,12.7,56.6,0.726,531608
2016,Gifu,2022000,48.4,13,58.2,0.733,502156
2016,Shizuoka,3688000,49.2,12.8,58.7,0.75,531289
2016,Aichi,7507000,50,13.6,62.2,0.856,507307
2016,Mie,1808000,48.7,12.8,58.7,0.73,560499
2016,Shiga,1413000,49.3,14.3,60.9,0.854,597556
2016,Kyoto,2605000,47.8,12,59.9,0.742,544151
2016,Osaka,8833000,48.1,12.3,60.9,0.779,470536
2016,Hyogo,5520000,47.7,12.7,59.5,0.786,435202
2016,Nara,1356000,47.2,12.3,58.2,0.695,548806
2016,Wakayama,954000,47.1,12,56.4,0.698,476465
2016,Tottori,570000,47.7,12.8,56.8,0.778,479447
2016,Shimane,690000,48,12.4,54.5,0.768,552741
2016,Okayama,1915000,48,12.9,57.8,0.808,485471
2016,Hiroshima,2837000,48.5,13.1,58.7,0.801,583035
2016,Yamaguchi,1394000,47.4,12,55.2,0.706,631800
2016,Tokushima,750000,47.6,11.5,56.7,0.713,533918
2016,Kagawa,972000,48.5,12.5,56.9,0.773,567335
2016,Ehime,1375000,47.3,12.2,56.4,0.721,529065
2016,Kochi,721000,47,11.4,55,0.663,605002
2016,Fukuoka,5104000,47.3,13.3,60.2,0.863,542696
2016,Saga,828000,47.2,13.8,57.7,0.823,524339
2016,Nagasaki,1367000,47,12.8,56.7,0.796,475094
2016,Kumamoto,1774000,47.1,13.5,57.1,0.84,476994
2016,Oita,1160000,47.3,12.5,56.3,0.781,515879
2016,Miyazaki,1096000,47.1,13.5,56.2,0.815,472136
2016,Kagoshima,1637000,46.9,13.4,56.5,0.836,511472
2016,Okinawa,1439000,49.2,17.2,62.4,1.155,425997
2015,Hokkaido,5381733,47.1,11.4,59.6,0.682,525903
2015,Aomori,1308265,47,11.4,58.4,0.659,433343
2015,Iwate,1279594,48.1,11.9,57.8,0.689,500214
2015,Miyagi,2333899,48.9,12.5,61.7,0.771,395795
2015,Akita,1023119,47,10.5,55.7,0.573,454670
2015,Yamagata,1123891,48.1,12.1,57.1,0.697,555561
2015,Fukushima,1914039,49.4,12.1,59.2,0.742,631501
2015,Ibaraki,2916976,49.8,12.6,60.6,0.744,592704
2015,Tochigi,1974255,49.7,12.9,61.3,0.775,567172
2015,Gunma,1973115,49.3,12.8,59.6,0.723,489693
2015,Saitama,7266534,49.9,12.6,62.5,0.772,601484
2015,Chiba,6222666,49.8,12.4,61.7,0.756,557269
2015,Tokyo,13515271,49.3,11.5,65.9,0.838,560609
2015,Kanagawa,9126214,50,12.6,63.5,0.805,513871
2015,Niigata,2304264,48.4,12,58.1,0.709,512752
2015,Toyama,1066328,48.3,12.2,57.3,0.71,629591
2015,Ishikawa,1154008,48.4,13,59.1,0.786,596283
2015,Fukui,786740,48.5,13.3,58.1,0.792,547036
2015,Yamanashi,834930,48.9,12.4,59.2,0.717,552132
2015,Nagano,2098804,48.7,13,57,0.745,558569
2015,Gifu,2031903,48.4,13.2,58.7,0.761,541088
2015,Shizuoka,3700305,49.2,13,59.2,0.766,547885
2015,Aichi,7483128,50,13.8,62.4,0.877,550727
2015,Mie,1815865,48.7,13,59.1,0.768,490891
2015,Shiga,1412916,49.3,14.5,61.3,0.893,564335
2015,Kyoto,2610353,47.9,12.3,60.2,0.753,495254
2015,Osaka,8839469,48.2,12.5,61.3,0.799,490678
2015,Hyogo,5534800,47.7,12.9,60,0.795,415493
2015,Nara,1364316,47.2,12.5,58.8,0.721,557063
2015,Wakayama,963579,47,12.1,57,0.73,533160
2015,Tottori,573441,47.7,12.9,57.3,0.806,495679
2015,Shimane,694352,48,12.6,55,0.799,555771
2015,Okayama,1921525,48,13.1,58.2,0.812,511827
2015,Hiroshima,2843990,48.4,13.4,59.1,0.833,532495
2015,Yamaguchi,1404729,47.3,12.2,55.7,0.738,576383
2015,Tokushima,755733,47.6,11.7,57.4,0.739,519455
2015,Kagawa,976263,48.4,12.8,57.3,0.791,609696
2015,Ehime,1385262,47.2,12.4,57,0.732,490830
2015,Kochi,728276,47.1,11.6,55.5,0.694,515196
2015,Fukuoka,5101556,47.3,13.4,60.7,0.887,502703
2015,Saga,832832,47.2,14,58.3,0.848,555848
2015,Nagasaki,1377187,46.9,13,57.4,0.8,449222
2015,Kumamoto,1786170,47.1,13.6,57.6,0.872,490697
2015,Oita,1166338,47.3,12.7,56.9,0.781,535435
2015,Miyazaki,1104069,47,13.7,56.8,0.836,449069
2015,Kagoshima,1648177,46.9,13.5,57,0.857,545130
2015,Okinawa,1433566,49.2,17.4,62.9,1.182,427588
2014,Hokkaido,5410000,47.2,11.5,60.4,0.685,513404
2014,Aomori,1323000,47,11.7,59.3,0.669,437481
2014,Iwate,1290000,48.1,12.1,58.3,0.682,507358
2014,Miyagi,2335000,48.8,12.7,62.6,0.774,472914
2014,Akita,1037000,47,10.8,56.6,0.578,435674
2014,Yamagata,1134000,48.1,12.3,57.8,0.702,565582
2014,Fukushima,1927000,49.2,12.5,59.8,0.753,606705
2014,Ibaraki,2927000,49.8,12.9,61.3,0.747,574775
2014,Tochigi,1980000,49.7,13,61.9,0.78,652121
2014,Gunma,1979000,49.3,13,60.2,0.734,480498
2014,Saitama,7247000,50,12.8,63.2,0.769,578820
2014,Chiba,6209000,49.8,12.6,62.1,0.753,545947
2014,Tokyo,13399000,49.4,11.3,66.2,0.826,590686
2014,Kanagawa,9103000,50,12.8,64,0.802,513534
2014,Niigata,2320000,48.4,12.2,58.8,0.71,503147
2014,Toyama,1072000,48.2,12.4,57.9,0.705,639091
2014,Ishikawa,1157000,48.4,13.1,59.8,0.775,613534
2014,Fukui,791000,48.4,13.4,58.7,0.78,570140
2014,Yamanashi,841000,48.9,12.6,59.9,0.721,519626
2014,Nagano,2110000,48.7,13.2,57.7,0.751,548274
2014,Gifu,2043000,48.4,13.4,59.3,0.741,480261
2014,Shizuoka,3715000,49.2,13.2,59.9,0.772,560115
2014,Aichi,7464000,50,14,62.9,0.874,510944
2014,Mie,1826000,48.6,13.2,59.7,0.752,413004
2014,Shiga,1414000,49.4,14.6,61.9,0.9,537989
2014,Kyoto,2616000,47.9,12.4,60.8,0.749,569996
2014,Osaka,8845000,48.2,12.7,61.6,0.791,490339
2014,Hyogo,5550000,47.8,13.2,60.4,0.799,411856
2014,Nara,1373000,47.2,12.6,59.6,0.701,579121
2014,Wakayama,972000,47,12.3,57.3,0.735,565221
2014,Tottori,577000,47.7,13,57.9,0.785,444249
2014,Shimane,699000,47.9,12.7,55.6,0.767,595574
2014,Okayama,1926000,48,13.3,58.7,0.822,487059
2014,Hiroshima,2846000,48.4,13.3,59.5,0.835,545379
2014,Yamaguchi,1415000,47.3,12.4,56.3,0.721,531589
2014,Tokushima,763000,47.6,11.9,57.9,0.721,563580
2014,Kagawa,980000,48.4,13,57.8,0.79,541853
2014,Ehime,1396000,47.2,12.6,57.6,0.745,426646
2014,Kochi,736000,47,11.7,56.2,0.681,559069
2014,Fukuoka,5099000,47.2,13.5,61.4,0.887,485648
2014,Saga,837000,47.2,14.2,58.8,0.855,538073
2014,Nagasaki,1387000,46.8,13.2,57.9,0.816,435732
2014,Kumamoto,1795000,47.1,13.6,58.3,0.867,466829
2014,Oita,1173000,47.3,12.8,57.6,0.791,536674
2014,Miyazaki,1112000,47,13.8,57.6,0.855,402848
2014,Kagoshima,1662000,46.8,13.6,57.8,0.857,536460
2014,Okinawa,1426000,49.1,17.5,63.5,1.148,395756
2013,Hokkaido,5438000,47.2,11.6,61.4,0.702,500893
2013,Aomori,1337000,47,11.9,60.2,0.683,469162
2013,Iwate,1299000,48,12.3,59,0.711,487293
2013,Miyagi,2333000,48.8,12.9,63.4,0.812,481676
2013,Akita,1050000,47,10.9,57.5,0.588,447554
2013,Yamagata,1144000,48,12.4,58.5,0.713,606299
2013,Fukushima,1940000,49,12.6,60.4,0.75,577166
2013,Ibaraki,2937000,49.9,13,62.1,0.761,597665
2013,Tochigi,1986000,49.7,13.1,62.7,0.785,580197
2013,Gunma,1986000,49.2,13.2,61,0.742,406585
2013,Saitama,7228000,50,12.9,64.1,0.795,597192
2013,Chiba,6201000,49.8,12.7,63,0.78,491030
2013,Tokyo,13307000,49.4,11.3,66.8,0.827,577752
2013,Kanagawa,9084000,50,12.9,64.7,0.818,540110
2013,Niigata,2336000,48.4,12.3,59.6,0.731,533204
2013,Toyama,1077000,48.3,12.6,58.7,0.717,599995
2013,Ishikawa,1160000,48.4,13.3,60.7,0.815,586024
2013,Fukui,796000,48.4,13.6,59.5,0.812,568887
2013,Yamanashi,847000,48.9,12.7,60.7,0.732,478411
2013,Nagano,2122000,48.7,13.3,58.4,0.769,508995
2013,Gifu,2053000,48.4,13.6,60.1,0.779,550325
2013,Shizuoka,3730000,49.2,13.3,60.7,0.811,577634
2013,Aichi,7449000,50,14.1,63.6,0.897,598998
2013,Mie,1833000,48.7,13.4,60.4,0.792,504155
2013,Shiga,1415000,49.4,14.8,62.7,0.92,434599
2013,Kyoto,2622000,47.9,12.5,61.7,0.767,573159
2013,Osaka,8856000,48.2,12.9,62.5,0.814,514981
2013,Hyogo,5565000,47.8,13.3,61.3,0.821,425094
2013,Nara,1381000,47.3,12.7,60.6,0.738,595346
2013,Wakayama,980000,47,12.4,58.2,0.727,491807
2013,Tottori,580000,47.8,13.1,58.7,0.821,487043
2013,Shimane,704000,47.9,12.7,56.4,0.786,569376
2013,Okayama,1932000,48,13.4,59.5,0.839,503994
2013,Hiroshima,2850000,48.3,13.4,60.4,0.867,511394
2013,Yamaguchi,1425000,47.2,12.5,57.3,0.751,537348
2013,Tokushima,769000,47.6,12,58.8,0.737,567762
2013,Kagawa,985000,48.2,13.1,58.8,0.818,626509
2013,Ehime,1406000,47.2,12.7,58.6,0.761,454809
2013,Kochi,743000,47,11.8,57.1,0.709,553637
2013,Fukuoka,5096000,47.2,13.5,62.4,0.901,495617
2013,Saga,841000,47.2,14.3,59.6,0.865,531197
2013,Nagasaki,1397000,46.7,13.3,58.8,0.828,477193
2013,Kumamoto,1801000,47,13.6,59.1,0.886,474549
2013,Oita,1180000,47.3,12.9,58.5,0.814,555437
2013,Miyazaki,1119000,47,13.8,58.6,0.881,454391
2013,Kagoshima,1675000,46.8,13.6,58.6,0.874,572224
2013,Okinawa,1419000,49.1,17.6,64,1.213,420654
2012,Hokkaido,5465000,47.2,11.7,62.2,0.708,516705
2012,Aomori,1350000,47,12.1,60.9,0.679,464287
2012,Iwate,1306000,47.9,12.4,59.6,0.71,487586
2012,Miyagi,2329000,48.7,13,64.1,0.803,495291
2012,Akita,1063000,46.9,11.1,58.2,0.616,475335
2012,Yamagata,1153000,48.1,12.6,59.1,0.712,540570
2012,Fukushima,1957000,48.9,12.9,61.1,0.704,608083
2012,Ibaraki,2947000,49.9,13.2,63,0.777,643050
2012,Tochigi,1992000,49.7,13.2,63.6,0.802,572105
2012,Gunma,1994000,49.3,13.4,61.7,0.748,422933
2012,Saitama,7216000,50.1,13,65,0.789,619993
2012,Chiba,6200000,49.8,12.8,64,0.788,464161
2012,Tokyo,13234000,49.4,11.3,67.5,0.812,574844
2012,Kanagawa,9070000,50.1,13,65.5,0.832,546900
2012,Niigata,2350000,48.4,12.5,60.3,0.744,498458
2012,Toyama,1083000,48.3,12.7,59.7,0.728,612354
2012,Ishikawa,1164000,48.3,13.4,61.6,0.82,582931
2012,Fukui,800000,48.4,13.7,60.3,0.839,520011
2012,Yamanashi,852000,48.9,12.9,61.4,0.744,462495
2012,Nagano,2132000,48.6,13.5,59.1,0.781,518431
2012,Gifu,2062000,48.4,13.7,61,0.8,565480
2012,Shizuoka,3739000,49.2,13.4,61.6,0.824,584628
2012,Aichi,7431000,50,14.2,64.4,0.914,474852
2012,Mie,1841000,48.7,13.5,61.3,0.8,487119
2012,Shiga,1414000,49.4,14.8,63.5,0.936,423863
2012,Kyoto,2628000,48,12.6,62.7,0.765,520430
2012,Osaka,8861000,48.3,13,63.3,0.824,489020
2012,Hyogo,5575000,47.8,13.5,62.2,0.833,442844
2012,Nara,1388000,47.3,12.9,61.6,0.761,517049
2012,Wakayama,988000,47.1,12.5,59,0.751,511260
2012,Tottori,583000,47.7,13.2,59.6,0.818,470402
2012,Shimane,708000,47.9,12.7,57.3,0.789,510424
2012,Okayama,1937000,48,13.5,60.3,0.84,471802
2012,Hiroshima,2855000,48.3,13.5,61.3,0.87,558798
2012,Yamaguchi,1434000,47.2,12.6,58.2,0.753,497652
2012,Tokushima,775000,47.5,12.2,59.8,0.741,563339
2012,Kagawa,989000,48.2,13.2,59.7,0.825,572236
2012,Ehime,1415000,47.1,12.8,59.4,0.787,475382
2012,Kochi,751000,46.9,11.9,58,0.701,585742
2012,Fukuoka,5089000,47.2,13.5,63.2,0.9,481335
2012,Saga,845000,47.1,14.4,60.3,0.88,515473
2012,Nagasaki,1408000,46.7,13.4,59.6,0.833,403123
2012,Kumamoto,1807000,47,13.7,59.8,0.885,475301
2012,Oita,1186000,47.3,12.9,59.5,0.814,587012
2012,Miyazaki,1125000,47,13.8,59.5,0.876,397078
2012,Kagoshima,1687000,46.8,13.6,59.3,0.88,535605
2012,Okinawa,1411000,49.1,17.6,64.6,1.21,428667
2011,Hokkaido,5488000,47.3,11.8,63,0.716,479141
2011,Aomori,1363000,47,12.3,61.6,0.699,452060
2011,Iwate,1315000,47.8,12.6,60.2,0.708,503313
2011,Miyagi,2326000,48.6,13,64.6,0.777,362201
2011,Akita,1075000,47,11.3,59,0.619,459017
2011,Yamagata,1162000,48,12.7,59.7,0.736,526653
2011,Fukushima,1988000,48.7,13.2,61.6,0.758,564953
2011,Ibaraki,2960000,49.8,13.3,63.8,0.784,542854
2011,Tochigi,2000000,49.7,13.3,64.3,0.796,623772
2011,Gunma,2001000,49.2,13.6,62.5,0.781,440850
2011,Saitama,7209000,50.1,13.2,65.9,0.805,629665
2011,Chiba,6217000,49.8,12.9,65.1,0.81,466255
2011,Tokyo,13198000,49.4,11.3,68.1,0.803,560349
2011,Kanagawa,9060000,50.2,13.1,66.3,0.839,563699
2011,Niigata,2364000,48.4,12.6,61,0.747,481070
2011,Toyama,1088000,48.3,12.9,60.8,0.719,579358
2011,Ishikawa,1167000,48.3,13.5,62.6,0.819,551580
2011,Fukui,803000,48.4,13.8,61,0.838,578879
2011,Yamanashi,857000,49,13.1,62,0.748,468100
2011,Nagano,2142000,48.7,13.6,59.7,0.79,553685
2011,Gifu,2071000,48.4,13.8,61.8,0.814,481339
2011,Shizuoka,3752000,49.2,13.5,62.4,0.831,552373
2011,Aichi,7418000,50,14.3,65,0.93,466299
2011,Mie,1847000,48.7,13.6,62,0.816,499580
2011,Shiga,1413000,49.4,14.9,64.2,0.944,402413
2011,Kyoto,2633000,48,12.7,63.6,0.786,535469
2011,Osaka,8863000,48.3,13.1,64.2,0.834,452149
2011,Hyogo,5584000,47.8,13.6,63.1,0.848,463210
2011,Nara,1395000,47.3,13,62.6,0.746,536916
2011,Wakayama,995000,47,12.7,59.8,0.75,529792
2011,Tottori,586000,47.8,13.2,60.3,0.841,477280
2011,Shimane,713000,47.8,12.8,58.1,0.783,501228
2011,Okayama,1941000,48,13.6,61,0.857,474962
2011,Hiroshima,2858000,48.3,13.5,62.2,0.891,557100
2011,Yamaguchi,1444000,47.2,12.6,59.1,0.777,535189
2011,Tokushima,780000,47.4,12.2,60.6,0.758,522644
2011,Kagawa,992000,48.2,13.2,60.7,0.838,591586
2011,Ehime,1424000,47.1,12.9,60.2,0.796,459001
2011,Kochi,758000,47,12,58.9,0.692,573863
2011,Fukuoka,5081000,47.2,13.5,63.9,0.91,507715
2011,Saga,847000,47.1,14.5,60.9,0.899,516843
2011,Nagasaki,1418000,46.7,13.5,60.3,0.827,408140
2011,Kumamoto,1813000,47,13.7,60.5,0.889,417544
2011,Oita,1192000,47.2,13,60.2,0.838,558562
2011,Miyazaki,1130000,47,13.9,60.2,0.898,456842
2011,Kagoshima,1697000,46.7,13.7,59.8,0.898,560920
2011,Okinawa,1402000,49.1,17.7,65.1,1.207,378159
2010,Hokkaido,5506419,47.3,12,63.3,0.729,517994
2010,Aomori,1373339,47.1,12.6,61.7,0.707,476667
2010,Iwate,1330147,47.7,12.7,60.1,0.733,488759
2010,Miyagi,2348165,48.5,13.2,64.4,0.815,446918
2010,Akita,1085997,47,11.4,59,0.616,469960
2010,Yamagata,1168924,48,12.8,59.6,0.74,561092
2010,Fukushima,2029064,48.5,13.7,61.3,0.795,536706
2010,Ibaraki,2969770,49.8,13.5,64,0.808,604247
2010,Tochigi,2007683,49.7,13.6,64.4,0.82,605674
2010,Gunma,2008068,49.2,13.8,62.7,0.798,456515
2010,Saitama,7194556,50.2,13.3,66.3,0.826,584459
2010,Chiba,6216289,49.8,13,65.4,0.831,496259
2010,Tokyo,13159388,49.5,11.4,68.2,0.822,627326
2010,Kanagawa,9048331,50.2,13.2,66.6,0.863,553717
2010,Niigata,2374450,48.4,12.8,61,0.762,530616
2010,Toyama,1093247,48.2,13,60.8,0.749,615372
2010,Ishikawa,1169788,48.3,13.7,62.6,0.821,586373
2010,Fukui,806314,48.3,14,60.8,0.853,634573
2010,Yamanashi,863075,49,13.4,61.9,0.771,523033
2010,Nagano,2152449,48.6,13.8,59.7,0.801,508980
2010,Gifu,2080773,48.4,14,61.9,0.812,526970
2010,Shizuoka,3765007,49.2,13.7,62.5,0.847,543916
2010,Aichi,7410719,50,14.5,65.2,0.943,514182
2010,Mie,1854724,48.7,13.7,62,0.823,472608
2010,Shiga,1410777,49.4,15.1,64.2,0.947,465456
2010,Kyoto,2636092,48,12.9,63.8,0.806,517740
2010,Osaka,8865245,48.3,13.3,64.4,0.847,450491
2010,Hyogo,5588133,47.8,13.7,63.3,0.856,482464
2010,Nara,1400728,47.4,13.2,62.8,0.763,527737
2010,Wakayama,1002198,47,12.9,59.9,0.757,516262
2010,Tottori,588667,47.7,13.4,60.3,0.814,474401
2010,Shimane,717397,47.8,12.9,58,0.802,527702
2010,Okayama,1945276,48,13.7,61.1,0.862,465089
2010,Hiroshima,2860750,48.3,13.7,62.4,0.893,509684
2010,Yamaguchi,1451338,47.1,12.7,59.3,0.796,510969
2010,Tokushima,785491,47.5,12.4,60.6,0.752,551348
2010,Kagawa,995842,48.2,13.4,60.7,0.843,521176
2010,Ehime,1431493,47,13,60.4,0.798,458595
2010,Kochi,764456,47,12.2,59,0.722,577027
2010,Fukuoka,5071968,47.2,13.6,64.1,0.923,461498
2010,Saga,849788,47.1,14.6,60.8,0.899,547135
2010,Nagasaki,1426779,46.7,13.6,60.4,0.841,549770
2010,Kumamoto,1817426,47,13.8,60.5,0.894,445799
2010,Oita,1196529,47.2,13.1,60.3,0.842,516312
2010,Miyazaki,1135233,47,14,60.2,0.9,444359
2010,Kagoshima,1706242,46.7,13.7,59.8,0.886,543739
2010,Okinawa,1392818,49.1,17.8,64.8,1.228,394409
2009,Hokkaido,5524000,47.3,12,63.7,0.727,521612
2009,Aomori,1383000,47.1,12.5,62.5,0.689,442242
2009,Iwate,1340000,47.8,12.6,60.6,0.739,476813
2009,Miyagi,2348000,48.5,13.4,64.5,0.809,459860
2009,Akita,1097000,47,11.2,59.9,0.639,473361
2009,Yamagata,1178000,48,12.5,60.5,0.74,565985
2009,Fukushima,2041000,48.5,13.8,61.5,0.8,601774
2009,Ibaraki,2970000,49.8,13.4,64.6,0.815,561539
2009,Tochigi,2011000,49.7,13.6,64.7,0.846,637483
2009,Gunma,2014000,49.2,13.7,63.3,0.81,442419
2009,Saitama,7161000,50.2,13.6,66.4,0.834,624759
2009,Chiba,6180000,49.9,13.3,65.7,0.839,528258
2009,Tokyo,13048000,49.6,11.9,67.3,0.817,596248
2009,Kanagawa,9006000,50.3,13.4,66.6,0.867,600170
2009,Niigata,2385000,48.3,12.6,61.3,0.753,532966
2009,Toyama,1098000,48.2,12.8,61.3,0.767,574401
2009,Ishikawa,1171000,48.3,13.7,62.8,0.841,614474
2009,Fukui,810000,48.3,14.2,61.1,0.869,551856
2009,Yamanashi,867000,48.9,13.5,62.2,0.764,489034
2009,Nagano,2162000,48.6,13.4,60.4,0.801,519902
2009,Gifu,2091000,48.4,13.8,62.6,0.829,535592
2009,Shizuoka,3783000,49.3,13.4,63.3,0.843,570670
2009,Aichi,7411000,50.1,14.6,65.5,0.941,527001
2009,Mie,1864000,48.7,13.6,62.7,0.838,444694
2009,Shiga,1409000,49.4,15,64.8,0.933,482577
2009,Kyoto,2637000,48,13.2,63.7,0.799,504657
2009,Osaka,8855000,48.4,13.7,64.3,0.85,468548
2009,Hyogo,5591000,47.9,13.8,63.4,0.851,454263
2009,Nara,1404000,47.4,13.2,63.3,0.766,562346
2009,Wakayama,1008000,47,12.9,60.4,0.746,531343
2009,Tottori,592000,47.6,12.9,61.2,0.824,452182
2009,Shimane,721000,47.7,12.7,58.2,0.777,530019
2009,Okayama,1949000,48,13.8,61.4,0.841,449409
2009,Hiroshima,2864000,48.3,13.7,62.7,0.894,569836
2009,Yamaguchi,1459000,47.2,12.6,59.9,0.775,526762
2009,Tokushima,790000,47.5,12.5,60.9,0.747,520783
2009,Kagawa,999000,48.2,13.6,61,0.837,551079
2009,Ehime,1438000,47,12.8,61,0.8,457427
2009,Kochi,769000,46.9,12.1,59.5,0.704,551476
2009,Fukuoka,5064000,47.2,13.9,64.1,0.91,455210
2009,Saga,853000,47,14.2,61.5,0.881,521575
2009,Nagasaki,1434000,46.7,13.2,61,0.826,468010
2009,Kumamoto,1821000,47,13.9,60.6,0.891,462798
2009,Oita,1200000,47.3,13.2,60.4,0.83,535963
2009,Miyazaki,1138000,46.9,13.6,60.8,0.894,387438
2009,Kagoshima,1712000,46.7,13.8,59.8,0.871,559610
2009,Okinawa,1385000,49,17.7,64.8,1.209,404194
2008,Hokkaido,5548000,47.3,12.2,64.2,0.74,501952
2008,Aomori,1395000,47.1,12.9,62.7,0.73,487110
2008,Iwate,1352000,47.8,12.9,60.9,0.756,529822
2008,Miyagi,2349000,48.5,13.5,64.9,0.846,448790
2008,Akita,1109000,47,11.5,60,0.669,471715
2008,Yamagata,1188000,48,12.8,60.6,0.771,626673
2008,Fukushima,2054000,48.5,14,61.8,0.823,633135
2008,Ibaraki,2971000,49.8,13.6,65,0.828,551172
2008,Tochigi,2015000,49.7,13.7,65.2,0.856,610724
2008,Gunma,2017000,49.2,13.9,63.7,0.845,470359
2008,Saitama,7136000,50.3,13.7,67.2,0.848,611708
2008,Chiba,6153000,49.9,13.4,66.5,0.85,515980
2008,Tokyo,12973000,49.7,11.8,67.9,0.817,558879
2008,Kanagawa,8965000,50.4,13.5,67.3,0.883,651399
2008,Niigata,2396000,48.4,12.9,61.6,0.767,559318
2008,Toyama,1103000,48.2,13,61.8,0.79,616347
2008,Ishikawa,1172000,48.3,13.8,63.3,0.87,616864
2008,Fukui,814000,48.4,14.3,61.4,0.877,562723
2008,Yamanashi,871000,48.9,13.8,62.6,0.793,554466
2008,Nagano,2173000,48.6,13.7,60.8,0.834,543113
2008,Gifu,2100000,48.4,14,63.1,0.834,559331
2008,Shizuoka,3793000,49.3,13.6,63.8,0.862,551631
2008,Aichi,7399000,50.2,14.7,66.1,0.96,518929
2008,Mie,1871000,48.7,13.8,63.1,0.836,565299
2008,Shiga,1405000,49.5,15.1,65.2,0.96,532841
2008,Kyoto,2640000,48,13.2,64.4,0.827,529715
2008,Osaka,8847000,48.4,13.8,65,0.875,495448
2008,Hyogo,5592000,47.9,13.9,64,0.873,492672
2008,Nara,1407000,47.5,13.4,64,0.78,585388
2008,Wakayama,1014000,47,13.1,60.8,0.776,584800
2008,Tottori,596000,47.7,13.1,61.4,0.818,450130
2008,Shimane,727000,47.7,12.9,58.5,0.782,569517
2008,Okayama,1953000,48,13.9,61.9,0.873,476913
2008,Hiroshima,2870000,48.3,13.7,63.3,0.891,556936
2008,Yamaguchi,1466000,47.1,12.7,60.3,0.789,594010
2008,Tokushima,795000,47.4,12.6,61.3,0.741,526644
2008,Kagawa,1003000,48.2,13.6,61.5,0.857,640039
2008,Ehime,1445000,47.1,13,61.4,0.8,487942
2008,Kochi,775000,47,12.3,60,0.747,548462
2008,Fukuoka,5062000,47.3,13.9,64.7,0.922,445227
2008,Saga,856000,47.1,14.4,61.6,0.913,465991
2008,Nagasaki,1443000,46.6,13.6,61.2,0.844,436949
2008,Kumamoto,1826000,47,14,61,0.902,459104
2008,Oita,1204000,47.3,13.3,60.8,0.856,582633
2008,Miyazaki,1141000,47,13.8,61,0.902,444556
2008,Kagoshima,1721000,46.7,13.9,60.1,0.897,524288
2008,Okinawa,1378000,49,17.9,64.9,1.215,396534
2007,Hokkaido,5579000,47.4,12.4,64.8,0.745,469242
2007,Aomori,1409000,47.1,13.2,62.9,0.721,499543
2007,Iwate,1364000,47.8,13.1,61.1,0.758,573362
2007,Miyagi,2354000,48.6,13.6,65.4,0.842,452940
2007,Akita,1121000,47.1,11.8,60.2,0.669,534499
2007,Yamagata,1198000,48,13.1,60.6,0.763,591795
2007,Fukushima,2067000,48.6,14.2,62.1,0.827,607615
2007,Ibaraki,2973000,49.8,13.8,65.5,0.835,637708
2007,Tochigi,2016000,49.7,13.9,65.6,0.855,570331
2007,Gunma,2020000,49.2,14,64.1,0.833,430462
2007,Saitama,7106000,50.3,13.8,68,0.856,604821
2007,Chiba,6119000,49.9,13.4,67.3,0.847,555644
2007,Tokyo,12848000,49.7,11.7,68.6,0.808,548670
2007,Kanagawa,8912000,50.5,13.5,68,0.889,548329
2007,Niigata,2408000,48.4,13.1,61.9,0.778,543652
2007,Toyama,1107000,48.2,13.1,62.3,0.788,673910
2007,Ishikawa,1173000,48.3,13.9,63.8,0.878,628083
2007,Fukui,817000,48.4,14.4,61.9,0.88,630581
2007,Yamanashi,877000,49,14,62.9,0.797,538492
2007,Nagano,2182000,48.6,13.9,61.1,0.853,511323
2007,Gifu,2104000,48.4,14.2,63.5,0.841,544210
2007,Shizuoka,3796000,49.3,13.8,64.3,0.877,540548
2007,Aichi,7357000,50.2,14.7,66.7,0.954,537512
2007,Mie,1873000,48.7,13.9,63.5,0.839,558227
2007,Shiga,1398000,49.4,15.2,65.7,0.954,515426
2007,Kyoto,2643000,48.1,13.2,65.1,0.817,508579
2007,Osaka,8839000,48.4,13.8,65.7,0.87,472260
2007,Hyogo,5593000,47.9,14,64.6,0.87,517041
2007,Nara,1413000,47.5,13.6,64.6,0.797,545694
2007,Wakayama,1021000,47,13.3,61.2,0.753,493997
2007,Tottori,601000,47.8,13.4,61.6,0.834,466647
2007,Shimane,733000,47.6,13,58.9,0.807,551062
2007,Okayama,1956000,48,13.9,62.4,0.874,514023
2007,Hiroshima,2874000,48.3,13.8,63.8,0.901,568362
2007,Yamaguchi,1476000,47.1,12.9,60.8,0.794,574365
2007,Tokushima,800000,47.5,12.7,61.7,0.751,560193
2007,Kagawa,1006000,48.1,13.6,61.9,0.865,634970
2007,Ehime,1453000,47.1,13.1,61.6,0.809,531260
2007,Kochi,783000,46.9,12.5,60.3,0.73,519434
2007,Fukuoka,5061000,47.3,13.9,65.1,0.917,410420
2007,Saga,860000,47.1,14.6,61.8,0.896,503392
2007,Nagasaki,1455000,46.7,13.9,61.3,0.837,430701
2007,Kumamoto,1832000,47,14,61.3,0.89,509545
2007,Oita,1206000,47.2,13.4,61.2,0.843,518141
2007,Miyazaki,1146000,47,14.1,61.2,0.902,475978
2007,Kagoshima,1733000,46.7,14,60.3,0.871,513877
2007,Okinawa,1374000,49.1,18.1,65,1.207,376571
2006,Hokkaido,5605000,47.5,12.6,65.3,0.753,466556
2006,Aomori,1424000,47.2,13.5,63.2,0.741,494906
2006,Iwate,1375000,47.9,13.5,61.4,0.768,551115
2006,Miyagi,2358000,48.6,13.7,65.8,0.836,445954
2006,Akita,1134000,47.2,12.1,60.4,0.681,614252
2006,Yamagata,1207000,48.1,13.4,60.7,0.788,574327
2006,Fukushima,2080000,48.6,14.5,62.3,0.843,600499
2006,Ibaraki,2974000,49.8,14,66,0.845,558119
2006,Tochigi,2016000,49.7,14,66,0.875,628652
2006,Gunma,2022000,49.3,14.2,64.5,0.844,416477
2006,Saitama,7079000,50.4,13.9,68.8,0.865,588587
2006,Chiba,6084000,50,13.5,68.1,0.851,491194
2006,Tokyo,12704000,49.8,11.6,69.3,0.8,567826
2006,Kanagawa,8846000,50.5,13.5,68.8,0.894,608715
2006,Niigata,2420000,48.4,13.4,62.2,0.785,547197
2006,Toyama,1110000,48.2,13.3,62.8,0.808,692091
2006,Ishikawa,1173000,48.3,14,64.4,0.873,642799
2006,Fukui,820000,48.3,14.6,62.3,0.893,623221
2006,Yamanashi,880000,49,14.2,63.3,0.806,553588
2006,Nagano,2189000,48.7,14.2,61.5,0.858,528571
2006,Gifu,2105000,48.4,14.4,64,0.859,544161
2006,Shizuoka,3795000,49.3,13.9,64.8,0.867,505833
2006,Aichi,7307000,50.2,14.8,67.3,0.958,541932
2006,Mie,1872000,48.6,14.1,63.8,0.845,515459
2006,Shiga,1390000,49.4,15.3,66.1,0.967,470671
2006,Kyoto,2646000,48.1,13.2,65.9,0.835,475597
2006,Osaka,8828000,48.5,13.8,66.6,0.879,416427
2006,Hyogo,5592000,47.9,14.1,65.2,0.872,527703
2006,Nara,1417000,47.5,13.7,65.4,0.81,551827
2006,Wakayama,1029000,47,13.5,61.7,0.771,513367
2006,Tottori,604000,47.9,13.7,61.7,0.859,505338
2006,Shimane,737000,47.6,13.3,59.1,0.816,568733
2006,Okayama,1956000,48,14,62.9,0.883,510823
2006,Hiroshima,2875000,48.3,13.9,64.4,0.881,537317
2006,Yamaguchi,1484000,47.2,13,61.2,0.788,580120
2006,Tokushima,806000,47.4,12.9,62.2,0.776,538744
2006,Kagawa,1009000,48.1,13.7,62.4,0.859,568862
2006,Ehime,1460000,47.1,13.4,62,0.805,505069
2006,Kochi,790000,47,12.7,60.8,0.761,597344
2006,Fukuoka,5057000,47.4,13.9,65.7,0.896,455295
2006,Saga,863000,47.1,14.9,62,0.886,522564
2006,Nagasaki,1467000,46.7,14.2,61.5,0.846,407145
2006,Kumamoto,1838000,47,14.2,61.6,0.881,452879
2006,Oita,1207000,47.1,13.5,61.6,0.841,569043
2006,Miyazaki,1150000,47,14.4,61.5,0.878,432875
2006,Kagoshima,1744000,46.7,14.2,60.5,0.865,490960
2006,Okinawa,1369000,49.1,18.4,65.1,1.204,348394
2005,Hokkaido,5627737,47.5,12.8,65.7,0.736,455079
2005,Aomori,1436657,47.3,13.8,63.4,0.733,414755
2005,Iwate,1385041,47.9,13.8,61.4,0.761,485886
2005,Miyagi,2360218,48.7,13.8,66,0.819,464270
2005,Akita,1145501,47.2,12.4,60.6,0.672,580935
2005,Yamagata,1216181,48.1,13.7,60.8,0.769,504003
2005,Fukushima,2091319,48.6,14.7,62.5,0.839,590664
2005,Ibaraki,2975167,49.7,14.2,66.4,0.815,542539
2005,Tochigi,2016631,49.7,14.1,66.3,0.861,609960
2005,Gunma,2024135,49.2,14.4,64.9,0.846,522990
2005,Saitama,7054243,50.4,14,69.4,0.847,625187
2005,Chiba,6056462,50,13.5,68.6,0.835,465075
2005,Tokyo,12576601,49.8,11.3,69.1,0.768,547127
2005,Kanagawa,8791597,50.6,13.5,69.2,0.867,590748
2005,Niigata,2431459,48.4,13.6,62.3,0.761,528374
2005,Toyama,1111729,48.2,13.5,63.2,0.807,652434
2005,Ishikawa,1174026,48.3,14.2,64.8,0.856,756690
2005,Fukui,821592,48.4,14.7,62.5,0.87,558140
2005,Yamanashi,884515,49,14.4,63.6,0.808,474284
2005,Nagano,2196114,48.6,14.4,61.8,0.843,545431
2005,Gifu,2107226,48.4,14.5,64.4,0.84,528419
2005,Shizuoka,3792377,49.3,14.2,65.2,0.841,596218
2005,Aichi,7254704,50.2,14.7,67.6,0.925,514398
2005,Mie,1866963,48.6,14.3,64.1,0.822,518096
2005,Shiga,1380361,49.4,15.4,66.4,0.934,466348
2005,Kyoto,2647660,48.1,13,66.3,0.814,569202
2005,Osaka,8817166,48.6,13.7,67.1,0.863,452120
2005,Hyogo,5590601,47.9,14.2,65.6,0.846,487459
2005,Nara,1421310,47.6,13.9,66,0.787,598740
2005,Wakayama,1035969,47.1,13.8,62,0.756,484524
2005,Tottori,607012,47.8,14,61.9,0.826,433337
2005,Shimane,742223,47.7,13.5,59.2,0.768,598824
2005,Okayama,1957264,48,14.1,63.2,0.853,504265
2005,Hiroshima,2876642,48.3,14,64.6,0.86,529700
2005,Yamaguchi,1492606,47.2,13.2,61.7,0.771,569482
2005,Tokushima,809950,47.5,13.1,62.6,0.73,632059
2005,Kagawa,1012400,48,13.8,62.8,0.858,567001
2005,Ehime,1467815,47.1,13.6,62.3,0.785,497851
2005,Kochi,796292,47,12.9,61.2,0.743,498065
2005,Fukuoka,5049908,47.4,13.9,65.9,0.86,482021
2005,Saga,866369,47.1,15.2,62.1,0.867,474805
2005,Nagasaki,1478632,46.8,14.6,61.8,0.822,362882
2005,Kumamoto,1842233,47.1,14.3,61.8,0.849,525478
2005,Oita,1209571,47.1,13.6,61.9,0.809,546285
2005,Miyazaki,1153042,47,14.7,61.8,0.845,536072
2005,Kagoshima,1753179,46.8,14.4,60.8,0.846,566796
2005,Okinawa,1361594,49.1,18.7,65.2,1.184,367625
